review,sentiment
"Horrible experience, would not recommend!",negative
"Absolutely loved it, highly recommended! Absolutely wonderful!",positive
"Wonderful product, love using it! Thumbs up!",positive
"Very poor quality, not satisfied!",negative
"Fantastic experience, will buy again! Absolutely wonderful!",positive
"Not worth the price, disappointing! Very upset!",negative
Regret purchase!,negative
Great quality and reasonable price! Thumbs up!,positive
"Awful product, broke immediately!",negative
"Very pleased, works perfectly! Absolutely wonderful!",positive
"Terrible, doesn't work at all!",negative
"Sadly, Awful!",negative
Great! Love everything about this!,positive
Best quality I've seen!,positive
Impressive! Impressive quality and performance!,positive
"Sadly, Not recommended, poor!",negative
Love everything about this!,positive
"Horrible, defective unit! Refund requested!",negative
"Great buy, very satisfied! Will recommend!",positive
"Bad design, uncomfortable! Zero stars!",negative
"Unfortunately, Unsatisfied!",negative
"Not good, returned immediately!",negative
Horrible build quality! Refund requested!,negative
Wonderful experience from start to finish!,positive
"Not as advertised, misleading! Refund requested!",negative
"Bad purchase, regret it! Big mistake!",negative
Very dissatisfied customer! Very upset!,negative
"Do not buy this, total waste! Zero stars!",negative
Very pleased with this purchase!,positive
"Great value, highly recommend! Will recommend!",positive
"Great purchase, very happy!",positive
Very impressed with quality!,positive
"Amazing quality, very durable! Absolutely wonderful!",positive
Very poor performance!,negative
Great! Exceptional quality and service!,positive
Sad. Poor!,negative
This is the best thing I've bought! Will recommend!,positive
"Excellent, meets expectations! Perfect choice!",positive
Disappointing purchase! Refund requested!,negative
Disappointing quality throughout! Not happy!,negative
"Excellent purchase, no regrets!",positive
Great! Impressive quality and performance!,positive
"Impressive! Great product, fast shipping!",positive
Outstanding service and great product!,positive
Very poor!,negative
Bad all around!,negative
Perfect product for my needs!,positive
"Top quality, very reliable! Five stars!",positive
"Wow! Wonderful product, great buy!",positive
Disappointing quality!,negative
Unsatisfied! Refund requested!,negative
Sad. Poor quality and bad customer service!,negative
"Great buy, very satisfied! Absolutely wonderful!",positive
Outstanding quality product! Five stars!,positive
This is exactly what I needed! Five stars!,positive
Bad quality assurance! Zero stars!,negative
"Bad investment, not worth!",negative
Poor! Will not buy again!,negative
Exceeded all my expectations! Really happy!,positive
"Wow! Great value, highly recommend!",positive
"Outstanding product, works great!",positive
"Terrible product, avoid at all costs!",negative
"Horrible, malfunctioned quickly!",negative
Very poor performance!,negative
"Awesome quality, love it!",positive
"Awful product, broke immediately!",negative
"Impressive! Amazing product, love it so much!",positive
Sad. Awful quality materials!,negative
"Not recommended, poor!",negative
"Terrible durability, broke fast!",negative
"Terrible quality, waste of money! Refund requested!",negative
"Great! Wonderful product, great buy!",positive
Very dissatisfied customer! Will not buy again!,negative
Exceptional quality and service! Will recommend!,positive
Awful service and product!,negative
"Perfect product, no complaints!",positive
"Sadly, Poor functionality, useless!",negative
Great! This is exactly what I needed!,positive
"Horrible quality, stopped working!",negative
"Fantastic, worth the price!",positive
"Very pleased, works perfectly! Thumbs up!",positive
"Brilliant product, highly recommend!",positive
"Top quality product, worth every penny!",positive
"Great product, fast shipping! Absolutely wonderful!",positive
"Do not buy this, total waste! Will not buy again!",negative
"Great! Very good, meets all needs!",positive
Impressive quality and performance! Really happy!,positive
Perfect product for my needs!,positive
"Love this, best decision ever! Five stars!",positive
Terrible!,negative
Fantastic product and service!,positive
"Very bad, malfunctions! Will not buy again!",negative
Best purchase I've made this year! Absolutely wonderful!,positive
"Sad. Terrible durability, broke fast!",negative
Outstanding value for money! Perfect choice!,positive
"Not recommended, poor! Not happy!",negative
"Bad experience, unsatisfied customer!",negative
"Great buy, very satisfied! Thumbs up!",positive
"Brilliant purchase, very pleased! Absolutely wonderful!",positive
Perfect product for my needs!,positive
This is the best thing I've bought!,positive
Perfect in every way possible!,positive
Bad all around! Very upset!,negative
"Unfortunately, Poor functionality, useless!",negative
"Great value, highly recommend!",positive
"Very good product, satisfied! Five stars!",positive
"Top quality product, worth every penny!",positive
"Fantastic, worth the price! Absolutely wonderful!",positive
"Bad purchase, regret it! Big mistake!",negative
Outstanding service and great product!,positive
"Very disappointed, not as described! Big mistake!",negative
Not good at all! Very upset!,negative
Very bad quality control!,negative
Impressive performance overall!,positive
"Outstanding product, works great! Five stars!",positive
"Sad. Terrible finish, cheap!",negative
"Awesome quality, love it!",positive
"Great product, fast delivery! Really happy!",positive
"Awful, unreliable product!",negative
Sad. Not good!,negative
Wow! Impressive performance overall!,positive
"Unfortunately, Awful service and product!",negative
Bad quality assurance! Zero stars!,negative
"Wow! Amazing purchase, no issues!",positive
Disappointing purchase!,negative
"Complete disappointment, waste!",negative
"Excellent purchase, no regrets! Perfect choice!",positive
"Awful, unreliable product! Big mistake!",negative
Awful service and product!,negative
Bad all around! Refund requested!,negative
"Terrible investment, big mistake!",negative
"Great value, highly recommend! Will recommend!",positive
Great! This is exactly what I needed!,positive
"Not worth the price, disappointing!",negative
"Sad. Complete disappointment, waste!",negative
"Poor design, impractical! Zero stars!",negative
Extremely disappointed with quality!,negative
"Bad product, many defects! Big mistake!",negative
"Excellent choice, very happy! Absolutely wonderful!",positive
"Fantastic, exactly what wanted!",positive
Very bad quality control! Refund requested!,negative
"Bad investment, not worth! Refund requested!",negative
"Bad experience, unsatisfied customer!",negative
Wow! Love the quality and design!,positive
Very poor!,negative
Impressive! Love everything about this!,positive
"Absolutely perfect, love it!",positive
Very dissatisfied customer!,negative
Terrible value for money! Very upset!,negative
"Sad. Not recommended, poor!",negative
"Awesome product, totally worth it!",positive
"Sadly, Horrible!",negative
"Truly amazing, can't fault it!",positive
Terrible! Big mistake!,negative
"Terrible finish, cheap!",negative
"Very unhappy, doesn't work! Will not buy again!",negative
"Five stars, absolutely fantastic! Really happy!",positive
"Bad product, many defects! Big mistake!",negative
Perfect product for my needs!,positive
"Disappointing, not worth buying!",negative
"Amazing quality, very durable!",positive
Awful!,negative
"Unfortunately, Terrible, doesn't work at all!",negative
"Not worth the price, disappointing!",negative
"Unfortunately, Horrible, malfunctioned quickly!",negative
"Very good, meets all needs! Absolutely wonderful!",positive
"Unfortunately, Poor quality and bad customer service!",negative
"Disappointing purchase, regret buying! Big mistake!",negative
Very unhappy with this purchase! Zero stars!,negative
"Fantastic, worth the price!",positive
Incredible value for money! Five stars!,positive
Sad. Regret purchase!,negative
"Amazing purchase, no issues! Thumbs up!",positive
"Very poor quality, not satisfied! Will not buy again!",negative
Best purchase I've made this year! Five stars!,positive
"Excellent purchase, no regrets! Absolutely wonderful!",positive
Very bad quality control! Zero stars!,negative
"Great! Highly recommended, excellent buy!",positive
Poor! Zero stars!,negative
"Five stars, absolutely fantastic! Will recommend!",positive
Very bad quality control! Not happy!,negative
"Complete disappointment, waste! Will not buy again!",negative
"Impressive! Wonderful product, great buy!",positive
Awful service and product!,negative
This product is amazing and works perfectly!,positive
Brilliant quality and design! Five stars!,positive
"Very poor, not recommended!",negative
"Sadly, Bad design, uncomfortable!",negative
Outstanding quality product!,positive
"Very poor, not recommended! Zero stars!",negative
"Bad purchase, regret it!",negative
Excellent quality and finish! Five stars!,positive
Impressive! Superb quality and fast delivery!,positive
"Not recommended, poor! Big mistake!",negative
"Great! Perfect fit, works perfectly!",positive
Complete waste of time and money!,negative
Not worth money!,negative
Top-notch quality and service! Five stars!,positive
"Horrible experience, would not recommend! Will not buy again!",negative
"Truly amazing, can't fault it! Absolutely wonderful!",positive
Terrible choice!,negative
Awful experience! Refund requested!,negative
"Very good, meets all needs! Thumbs up!",positive
"Outstanding product, works great!",positive
"Bad investment, not worth! Not happy!",negative
"Great value, highly recommend!",positive
"Poor performance, sluggish!",negative
Impressive quality and performance!,positive
"Terrible finish, cheap! Zero stars!",negative
"Awesome product, totally worth it! Absolutely wonderful!",positive
"Bad product, many defects!",negative
"Very pleased, works perfectly!",positive
Very pleased with this purchase! Perfect choice!,positive
"Wonderful product, great buy!",positive
"Excellent, meets expectations! Will recommend!",positive
"Poor design, impractical! Big mistake!",negative
"Excellent purchase, no regrets! Will recommend!",positive
"Bad quality, fell apart quickly!",negative
Awful!,negative
Poor standards! Zero stars!,negative
"Wonderful, exactly as described!",positive
Not worth money!,negative
"Wonderful, exactly as described! Perfect choice!",positive
Top-notch quality and service!,positive
Extremely satisfied with this!,positive
"Love it, perfect condition! Will recommend!",positive
Best purchase I've made this year!,positive
Love the quality and design! Really happy!,positive
"Excellent, meets expectations!",positive
"Sadly, Do not buy this, total waste!",negative
Awful! Zero stars!,negative
"Sadly, Horrible, defective unit!",negative
"Useless product, complete failure!",negative
Impressive! Very impressed with quality!,positive
Worst quality I've ever seen! Not happy!,negative
"Poor functionality, useless!",negative
Great quality and reasonable price! Five stars!,positive
This is exactly what I needed!,positive
"Sadly, Terrible investment, big mistake!",negative
"Great value, highly recommend!",positive
Great quality and reasonable price! Really happy!,positive
"Bad purchase, regret it! Refund requested!",negative
Perfect in every way possible! Will recommend!,positive
Highly recommend to everyone!,positive
"Wow! Great product, fast delivery!",positive
"Unfortunately, Not worth the price, disappointing!",negative
Bad quality assurance! Will not buy again!,negative
"Unfortunately, Very unsatisfactory!",negative
"Poor performance, sluggish!",negative
"Horrible quality, stopped working!",negative
"Perfect product, no complaints! Will recommend!",positive
"Fantastic, exactly what wanted!",positive
Very impressed with quality!,positive
"Great! Amazing purchase, no issues!",positive
"Not satisfied, poor quality! Big mistake!",negative
"Amazing features, works well! Really happy!",positive
Very unsatisfactory! Zero stars!,negative
Poor standards! Big mistake!,negative
Poor standards!,negative
"Great! Amazing quality, very durable!",positive
"Highly recommended, excellent buy!",positive
Poor service and worse product! Not happy!,negative
"Horrible, malfunctioned quickly! Big mistake!",negative
"Truly amazing, can't fault it! Really happy!",positive
"Very good quality, great value! Five stars!",positive
"Love it, perfect condition! Absolutely wonderful!",positive
Wow! Extremely satisfied with this!,positive
"Perfect product, no complaints! Absolutely wonderful!",positive
Awful service and product!,negative
"Absolutely perfect, love it! Really happy!",positive
Complete waste of time and money!,negative
"Great product, fast delivery! Perfect choice!",positive
"Bad investment, not worth! Will not buy again!",negative
"Excellent purchase, no regrets! Will recommend!",positive
"Very unhappy, doesn't work!",negative
"Disappointing, not worth buying! Refund requested!",negative
"Great product, fast shipping!",positive
"Perfect condition, works great! Five stars!",positive
"Outstanding product, works great! Five stars!",positive
"Very bad, malfunctions! Not happy!",negative
Best product in its category!,positive
Amazing experience overall! Thumbs up!,positive
"Wonderful product, love using it!",positive
Very unsatisfactory! Very upset!,negative
Top-notch quality and service!,positive
Not good! Very upset!,negative
"Worst purchase ever, completely disappointed! Zero stars!",negative
"Love it, perfect condition!",positive
"Sadly, Bad product, many defects!",negative
Very impressed with quality! Will recommend!,positive
"Outstanding product, works great!",positive
This product is amazing and works perfectly! Really happy!,positive
"Great purchase, very happy! Perfect choice!",positive
"Useless product, complete failure!",negative
"Do not buy this, total waste! Not happy!",negative
Impressive quality and performance! Absolutely wonderful!,positive
"Perfect fit, works perfectly! Five stars!",positive
Bad quality assurance! Very upset!,negative
"Excellent product, highly satisfied! Five stars!",positive
Perfect in every way possible! Absolutely wonderful!,positive
Great quality and reasonable price!,positive
Extremely disappointed with quality!,negative
Bad quality assurance! Will not buy again!,negative
"Unfortunately, Disappointing, not worth buying!",negative
Wow! Outstanding service and great product!,positive
"Horrible experience, would not recommend!",negative
Terrible! Will not buy again!,negative
"Sadly, Do not buy this, total waste!",negative
Sad. Extremely disappointed with quality!,negative
"Poor design, impractical!",negative
"Bad design, uncomfortable! Not happy!",negative
"Sadly, Awful, unreliable product!",negative
Brilliant quality and design!,positive
Love everything about this!,positive
"Very bad, malfunctions! Not happy!",negative
"Sadly, Not satisfied, poor quality!",negative
Horrible!,negative
"Amazing features, works well!",positive
"Not recommended, poor! Zero stars!",negative
"Bad purchase, regret it! Zero stars!",negative
"Very satisfied, good quality! Five stars!",positive
"Useless product, complete failure! Zero stars!",negative
"Sadly, Awful service and product!",negative
Awful experience!,negative
"Highly recommended, excellent buy! Absolutely wonderful!",positive
"Highly recommended, excellent buy!",positive
"Highly recommended, excellent buy! Absolutely wonderful!",positive
Disappointing quality throughout! Refund requested!,negative
"Outstanding product, works great! Absolutely wonderful!",positive
Disappointing! Very upset!,negative
"Impressive! Wonderful, exactly as described!",positive
Wow! Top-notch quality and service!,positive
Sad. Disappointing results overall!,negative
"Great product, fast shipping!",positive
"Impressive! Love this, best decision ever!",positive
"Amazing quality, very durable!",positive
"Brilliant product, highly recommend!",positive
Very satisfied with this purchase!,positive
Terrible value for money! Will not buy again!,negative
"Very good quality, great value! Will recommend!",positive
Great! Very impressed with quality!,positive
"Terrible, doesn't work at all!",negative
"Terrible product, avoid at all costs! Refund requested!",negative
Awful! Not happy!,negative
Sad. Poor!,negative
"Impressive! Fantastic experience, will buy again!",positive
"Sad. Very unhappy, doesn't work!",negative
"Sad. Worst purchase ever, completely disappointed!",negative
"Sadly, Very unhappy, doesn't work!",negative
Terrible value for money!,negative
Very impressed with quality!,positive
Terrible choice!,negative
"Not recommended, poor!",negative
"Great! Perfect condition, works great!",positive
Best purchase I've made this year! Thumbs up!,positive
"Bad quality, fell apart quickly! Zero stars!",negative
"Useless product, complete failure!",negative
"Unfortunately, Worst quality I've ever seen!",negative
Awful quality materials! Very upset!,negative
Perfect in every way possible! Five stars!,positive
Worst quality I've ever seen! Zero stars!,negative
"Impressive! Highly recommended, excellent buy!",positive
"Outstanding, couldn't be better! Really happy!",positive
Incredible value for money! Perfect choice!,positive
"Disappointing, not worth buying! Very upset!",negative
Terrible choice!,negative
Excellent value and quality!,positive
"Great! Fantastic, worth the price!",positive
"Worst experience, avoid! Will not buy again!",negative
"Great purchase, very happy!",positive
"Bad experience, unsatisfied customer! Big mistake!",negative
Bad buy!,negative
"Poor value, overpriced!",negative
Impressive performance overall!,positive
"Disappointing purchase, regret buying! Very upset!",negative
"Five stars, absolutely fantastic!",positive
Not good! Will not buy again!,negative
"Sad. Poor value, overpriced!",negative
"Very bad, malfunctions! Will not buy again!",negative
Awful experience! Zero stars!,negative
"Wonderful product, great buy! Five stars!",positive
Sad. Disappointing results overall!,negative
Sad. Disappointing results overall!,negative
Incredible value for money! Will recommend!,positive
"Worst purchase ever, completely disappointed! Very upset!",negative
"Impressive! Fantastic quality, very impressed!",positive
"Worst experience, avoid! Very upset!",negative
"Amazing, better than expected! Thumbs up!",positive
Disappointing quality throughout!,negative
Impressive! Wonderful experience from start to finish!,positive
Impressive performance overall! Thumbs up!,positive
Terrible!,negative
"Great product, fast shipping!",positive
"Wow! Great buy, very satisfied!",positive
Best product in its category! Thumbs up!,positive
Terrible workmanship! Refund requested!,negative
"Highly satisfied, great product!",positive
"Bad investment, not worth!",negative
"Not satisfied, poor quality! Big mistake!",negative
Impressive performance overall! Will recommend!,positive
"Very good product, satisfied! Will recommend!",positive
Great! Love the quality and design!,positive
"Unfortunately, Do not buy this, total waste!",negative
"Unfortunately, Worst purchase ever, completely disappointed!",negative
"Terrible product, avoid at all costs! Big mistake!",negative
Worst quality I've ever seen! Big mistake!,negative
Outstanding service and great product! Thumbs up!,positive
"Bad experience, unsatisfied customer! Big mistake!",negative
Impressive! Brilliant quality and design!,positive
"Sad. Not as advertised, misleading!",negative
Very poor!,negative
Bad quality assurance!,negative
"Unfortunately, Bad investment, not worth!",negative
"Fantastic, exactly what wanted!",positive
"Awesome product, totally worth it!",positive
Poor! Refund requested!,negative
Love the quality and design!,positive
"Perfect product, no complaints!",positive
"Very good product, satisfied!",positive
"Horrible experience, would not recommend!",negative
Terrible choice! Not happy!,negative
Very impressed with quality! Thumbs up!,positive
Not good at all!,negative
Excellent value and quality! Really happy!,positive
"Wow! Excellent product, highly satisfied!",positive
Not worth money!,negative
This is the best thing I've bought! Will recommend!,positive
"Wow! Great product, fast shipping!",positive
"Great product, fast shipping! Five stars!",positive
"Sadly, Very dissatisfied customer!",negative
"Superior quality, great purchase!",positive
"Wow! Highly recommended, excellent buy!",positive
"Not satisfied, poor quality! Refund requested!",negative
"Great! Awesome quality, love it!",positive
"Very bad, malfunctions! Will not buy again!",negative
Wow! Best purchase I've made this year!,positive
Extremely satisfied with this! Really happy!,positive
"Great product, fast delivery!",positive
"Truly amazing, can't fault it! Will recommend!",positive
"Very pleased, works perfectly!",positive
Impressive quality and performance!,positive
"Wow! Outstanding, couldn't be better!",positive
Bad quality assurance!,negative
"Poor value, overpriced!",negative
Not good!,negative
"Very disappointed, not as described! Will not buy again!",negative
Best product in its category!,positive
"Superior quality, great purchase!",positive
"Top quality, very reliable!",positive
Amazing experience overall! Will recommend!,positive
This is the best thing I've bought!,positive
"Brilliant purchase, very pleased! Will recommend!",positive
"Impressive! Awesome product, totally worth it!",positive
Perfect in every way possible! Five stars!,positive
Awful experience! Big mistake!,negative
"Sadly, Worst experience, avoid!",negative
"Great! Highly recommended, excellent buy!",positive
"Highly recommended, excellent buy! Absolutely wonderful!",positive
"Not satisfied, poor quality! Refund requested!",negative
Don't waste your money on this! Refund requested!,negative
Great! Highly recommend to everyone!,positive
"Absolutely loved it, highly recommended! Five stars!",positive
"Excellent product, highly satisfied!",positive
"Not worth the price, disappointing! Big mistake!",negative
"Amazing, better than expected! Absolutely wonderful!",positive
"Amazing purchase, no issues! Five stars!",positive
"Very unhappy, doesn't work! Big mistake!",negative
"Unfortunately, Not satisfied, poor quality!",negative
"Excellent quality, exceeded my expectations! Five stars!",positive
"Poor functionality, useless! Not happy!",negative
"Worst experience, avoid! Zero stars!",negative
"Awesome product, totally worth it! Thumbs up!",positive
"Very pleased, works perfectly!",positive
Very satisfied with this purchase!,positive
"Sadly, Awful, broke after one use!",negative
"Not as advertised, misleading!",negative
"Very disappointed, not as described!",negative
Excellent value and quality! Five stars!,positive
"Very unhappy, doesn't work!",negative
Excellent value and quality! Will recommend!,positive
"Wow! Very pleased, works perfectly!",positive
"Sad. Very unhappy, doesn't work!",negative
"Love it, perfect condition! Five stars!",positive
"Very good quality, great value! Really happy!",positive
"Love this, best decision ever!",positive
Terrible value for money!,negative
"Unfortunately, Poor quality and bad customer service!",negative
"Top quality product, worth every penny!",positive
Don't waste your money on this! Very upset!,negative
Amazing experience overall! Really happy!,positive
"Wow! Great product, very happy with it!",positive
"Highly satisfied, great product!",positive
Extremely satisfied with this!,positive
"Sad. Terrible investment, big mistake!",negative
Wow! Outstanding value for money!,positive
"Very satisfied, good quality! Really happy!",positive
"Wonderful product, great buy!",positive
Awful quality materials! Very upset!,negative
Best quality I've seen!,positive
Extremely satisfied with this! Will recommend!,positive
Wow! Superb quality and fast delivery!,positive
"Sadly, Terrible features, lacking!",negative
Sad. Disappointing quality!,negative
"Great product, fast delivery! Will recommend!",positive
Love everything about this! Perfect choice!,positive
"Impressive! Great product, very happy with it!",positive
"Absolutely loved it, highly recommended!",positive
"Sadly, Horrible!",negative
Awful! Zero stars!,negative
"Terrible, doesn't match description! Will not buy again!",negative
Disappointing quality throughout!,negative
"Absolutely perfect, love it! Five stars!",positive
Very unsatisfactory! Not happy!,negative
Very unhappy with this purchase!,negative
Extremely happy with purchase! Perfect choice!,positive
"Highly recommended, excellent buy!",positive
"Worst experience, avoid! Zero stars!",negative
"Absolutely loved it, highly recommended!",positive
Disappointing! Big mistake!,negative
"Bad experience, unsatisfied customer!",negative
Worst quality I've ever seen!,negative
Extremely happy with purchase! Really happy!,positive
Worst quality I've ever seen! Refund requested!,negative
Wonderful experience from start to finish!,positive
"Great product, fast delivery! Perfect choice!",positive
Disappointing quality throughout!,negative
Poor standards!,negative
"Fantastic quality, very impressed! Absolutely wonderful!",positive
"Sadly, Horrible experience, would not recommend!",negative
"Impressive! Amazing purchase, no issues!",positive
"Amazing, better than expected! Will recommend!",positive
"Awesome quality, love it! Thumbs up!",positive
"Wow! Highly recommended, excellent buy!",positive
Brilliant quality and design! Perfect choice!,positive
"Fantastic, worth the price!",positive
Wow! Best quality I've seen!,positive
"Very disappointed, not as described! Refund requested!",negative
"Poor design, impractical!",negative
"Very good product, satisfied!",positive
Bad all around! Very upset!,negative
"Love this, best decision ever!",positive
Worst quality I've ever seen! Not happy!,negative
"Top quality, very reliable!",positive
"Sadly, Worst quality I've ever seen!",negative
"Love it, perfect condition!",positive
"Poor value, overpriced! Refund requested!",negative
Very bad quality control!,negative
"Sadly, Terrible finish, cheap!",negative
Sad. Very unsatisfactory!,negative
"Terrible finish, cheap!",negative
"Wow! Wonderful product, great buy!",positive
"Fantastic, exactly what wanted! Thumbs up!",positive
"Sadly, Very poor performance!",negative
"Impressive! Brilliant purchase, very pleased!",positive
"Terrible, doesn't work at all! Big mistake!",negative
"Poor construction, cheap materials! Will not buy again!",negative
"Very pleased, works perfectly! Five stars!",positive
Awful!,negative
"Great experience, recommend it! Absolutely wonderful!",positive
Wow! Best product in its category!,positive
"Not recommended, poor!",negative
"Great experience, recommend it! Really happy!",positive
Very unhappy with this purchase!,negative
Very unhappy with this purchase!,negative
"Superior quality, great purchase!",positive
"Terrible durability, broke fast!",negative
"Do not buy this, total waste! Refund requested!",negative
"Great experience, recommend it!",positive
Best product in its category! Five stars!,positive
"Outstanding, couldn't be better!",positive
Amazing experience overall!,positive
Very poor! Not happy!,negative
Terrible workmanship! Not happy!,negative
Highly recommend to everyone!,positive
Very dissatisfied customer!,negative
"Horrible quality, stopped working! Not happy!",negative
Disappointing quality throughout! Very upset!,negative
"Perfect product, no complaints! Really happy!",positive
"Poor construction, cheap materials! Zero stars!",negative
"Awful product, broke immediately! Will not buy again!",negative
Sad. Disappointing purchase!,negative
Poor quality and bad customer service!,negative
"Impressive! Great purchase, very happy!",positive
"Bad product, many defects! Zero stars!",negative
Regret purchase!,negative
"Excellent choice, very happy!",positive
Impressive! Incredible value for money!,positive
"Absolutely perfect, love it! Absolutely wonderful!",positive
"Perfect condition, works great!",positive
"Bad product, many defects!",negative
"Highly satisfied, great product!",positive
"Fantastic quality, very impressed!",positive
Wow! Perfect in every way possible!,positive
Poor standards! Refund requested!,negative
Sad. Don't waste your money on this!,negative
Impressive quality and performance! Thumbs up!,positive
"Poor performance, sluggish! Big mistake!",negative
"Wow! Absolutely perfect, love it!",positive
This product is amazing and works perfectly!,positive
"Sadly, Very unsatisfactory!",negative
Terrible workmanship! Not happy!,negative
Horrible! Very upset!,negative
Very unhappy with this purchase!,negative
"Horrible, defective unit! Refund requested!",negative
Bad all around! Refund requested!,negative
"Great buy, very satisfied! Thumbs up!",positive
Incredible value for money! Five stars!,positive
Perfect in every way possible! Thumbs up!,positive
Terrible workmanship! Refund requested!,negative
Sad. Extremely disappointed with quality!,negative
"Great purchase, very happy! Perfect choice!",positive
"Bad experience, unsatisfied customer! Very upset!",negative
"Great experience, recommend it! Perfect choice!",positive
"Very poor quality, not satisfied! Not happy!",negative
Brilliant quality and design! Thumbs up!,positive
Impressive! Outstanding service and great product!,positive
"Great product, fast delivery!",positive
"Excellent quality, exceeded my expectations! Five stars!",positive
Very unsatisfactory!,negative
Amazing experience overall!,positive
This is the best thing I've bought!,positive
"Terrible features, lacking!",negative
"Terrible finish, cheap! Zero stars!",negative
"Impressive! Very good, meets all needs!",positive
Very unsatisfactory! Refund requested!,negative
"Horrible, defective unit!",negative
"Sadly, Don't waste your money on this!",negative
"Impressive! Wonderful product, great buy!",positive
"Very good product, satisfied!",positive
"Highly recommended, excellent buy! Five stars!",positive
Superb quality and fast delivery!,positive
"Bad design, uncomfortable! Very upset!",negative
"Impressive! Wonderful product, love using it!",positive
"Unfortunately, Poor quality and bad customer service!",negative
Extremely satisfied with this!,positive
Wow! This is exactly what I needed!,positive
"Awesome product, totally worth it! Thumbs up!",positive
Best purchase I've made this year! Will recommend!,positive
Wow! Fantastic product and service!,positive
"Impressive! Great experience, recommend it!",positive
"Outstanding, couldn't be better! Really happy!",positive
Extremely happy with purchase! Really happy!,positive
"Wow! Great product, very happy with it!",positive
"Wonderful product, love using it!",positive
Outstanding quality product! Perfect choice!,positive
Worst quality I've ever seen! Big mistake!,negative
"Outstanding product, works great!",positive
"Amazing quality, very durable! Really happy!",positive
"Great experience, recommend it! Absolutely wonderful!",positive
"Sadly, Very poor performance!",negative
This is the best thing I've bought! Perfect choice!,positive
Very poor performance!,negative
"Sad. Bad design, uncomfortable!",negative
"Outstanding, couldn't be better!",positive
"Great! Great experience, recommend it!",positive
"Wonderful, exactly as described! Perfect choice!",positive
"Excellent choice, very happy!",positive
"Amazing quality, very durable!",positive
Impressive quality and performance! Perfect choice!,positive
Awful service and product!,negative
Superb quality and fast delivery! Will recommend!,positive
Not good at all! Zero stars!,negative
"Terrible investment, big mistake!",negative
Very poor!,negative
Impressive performance overall!,positive
Wow! Incredible value for money!,positive
Superb quality and fast delivery!,positive
"Superior quality, great purchase! Absolutely wonderful!",positive
"Unfortunately, Terrible, doesn't work at all!",negative
Top-notch quality and service! Perfect choice!,positive
"Awful product, broke immediately!",negative
Great! This is exactly what I needed!,positive
"Great! Absolutely loved it, highly recommended!",positive
"Terrible, doesn't work at all! Zero stars!",negative
"Absolutely loved it, highly recommended!",positive
Horrible!,negative
"Fantastic, worth the price! Perfect choice!",positive
"Horrible experience, would not recommend! Big mistake!",negative
"Horrible, defective unit!",negative
Fantastic product and service! Five stars!,positive
"Love it, perfect condition! Five stars!",positive
Highly recommend to everyone! Thumbs up!,positive
Bad quality assurance!,negative
Bad all around!,negative
Bad all around! Not happy!,negative
This is exactly what I needed! Five stars!,positive
Outstanding quality product! Five stars!,positive
"Sadly, Terrible!",negative
"Very good, meets all needs! Absolutely wonderful!",positive
"Great purchase, very happy!",positive
Exceptional quality and service!,positive
Wonderful experience from start to finish! Will recommend!,positive
Bad all around!,negative
"Poor value, overpriced! Zero stars!",negative
Not worth money! Not happy!,negative
Outstanding value for money! Absolutely wonderful!,positive
"Impressive! Highly satisfied, great product!",positive
"Great purchase, very happy!",positive
"Great! Wonderful product, great buy!",positive
"Fantastic, worth the price!",positive
"Excellent purchase, no regrets! Really happy!",positive
Extremely satisfied with this!,positive
"Wonderful product, love using it! Will recommend!",positive
Wonderful experience from start to finish! Will recommend!,positive
"Complete disappointment, waste!",negative
Wonderful experience from start to finish!,positive
"Horrible quality, stopped working!",negative
"Great value, highly recommend!",positive
"Worst experience, avoid!",negative
Amazing experience overall! Perfect choice!,positive
Not good at all!,negative
"Bad experience, unsatisfied customer! Not happy!",negative
"Absolutely loved it, highly recommended!",positive
"Impressive! Very good, meets all needs!",positive
"Very poor, not recommended!",negative
"Brilliant purchase, very pleased! Will recommend!",positive
"Excellent choice, very happy!",positive
"Bad design, uncomfortable! Big mistake!",negative
"Sadly, Poor standards!",negative
Top-notch quality and service!,positive
This is the best thing I've bought! Five stars!,positive
This is exactly what I needed! Perfect choice!,positive
"Great! Wonderful product, love using it!",positive
"Very good product, satisfied!",positive
"Sadly, Disappointing quality throughout!",negative
"Sadly, Complete disappointment, waste!",negative
"Sadly, Disappointing results overall!",negative
"Wonderful, exactly as described!",positive
"Sad. Very poor, not recommended!",negative
"Very satisfied, good quality! Really happy!",positive
"Five stars, absolutely fantastic!",positive
Sad. Disappointing purchase!,negative
Very poor performance! Zero stars!,negative
"Complete disappointment, waste! Will not buy again!",negative
"Truly amazing, can't fault it!",positive
"Outstanding product, works great!",positive
Love everything about this! Thumbs up!,positive
"Love it, perfect condition! Perfect choice!",positive
"Very poor, not recommended! Zero stars!",negative
"Outstanding, couldn't be better! Absolutely wonderful!",positive
"Outstanding, couldn't be better! Will recommend!",positive
"Sadly, Terrible, doesn't match description!",negative
"Great product, fast delivery! Five stars!",positive
"Great! Five stars, absolutely fantastic!",positive
Worst quality I've ever seen! Very upset!,negative
"Terrible durability, broke fast! Not happy!",negative
"Wow! Great experience, recommend it!",positive
"Not good, returned immediately!",negative
"Bad purchase, regret it! Very upset!",negative
"Horrible, malfunctioned quickly! Refund requested!",negative
"Sadly, Bad product, many defects!",negative
"Sadly, Poor performance, sluggish!",negative
Bad all around! Zero stars!,negative
Regret purchase! Refund requested!,negative
Bad buy!,negative
Very unsatisfactory! Will not buy again!,negative
"Impressive! Outstanding, couldn't be better!",positive
Poor quality and bad customer service!,negative
Amazing experience overall! Perfect choice!,positive
Perfect product for my needs! Five stars!,positive
"Fantastic quality, very impressed!",positive
Wow! Exceeded all my expectations!,positive
Fantastic product and service! Really happy!,positive
"Wow! Wonderful product, great buy!",positive
This is the best thing I've bought!,positive
"Not good, returned immediately! Not happy!",negative
"Great! Absolutely loved it, highly recommended!",positive
"Awesome product, totally worth it!",positive
"Sad. Useless product, complete failure!",negative
"Wow! Amazing purchase, no issues!",positive
"Sadly, Worst purchase ever, completely disappointed!",negative
"Terrible finish, cheap! Big mistake!",negative
Outstanding quality product!,positive
"Not as advertised, misleading! Refund requested!",negative
"Very poor quality, not satisfied! Zero stars!",negative
"Sadly, Poor performance, sluggish!",negative
Great! Extremely satisfied with this!,positive
"Impressive! Fantastic, worth the price!",positive
"Outstanding, couldn't be better!",positive
"Great! Great experience, recommend it!",positive
"Excellent, meets expectations! Will recommend!",positive
Very poor! Refund requested!,negative
"Superior quality, great purchase!",positive
Extremely satisfied with this! Absolutely wonderful!,positive
Amazing experience overall! Will recommend!,positive
Very bad quality control! Will not buy again!,negative
Wow! This is the best thing I've bought!,positive
Best quality I've seen! Absolutely wonderful!,positive
"Poor design, impractical! Refund requested!",negative
Bad buy!,negative
"Terrible features, lacking!",negative
Great quality and reasonable price! Perfect choice!,positive
Disappointing purchase!,negative
Wow! Incredible value for money!,positive
"Amazing, better than expected! Really happy!",positive
"Awesome product, totally worth it! Five stars!",positive
"Top quality, very reliable! Will recommend!",positive
"Horrible experience, would not recommend! Not happy!",negative
"Worst purchase ever, completely disappointed!",negative
"Bad purchase, regret it! Very upset!",negative
"Sad. Useless product, complete failure!",negative
"Love this, best decision ever!",positive
Impressive! Best quality I've seen!,positive
"Sadly, Terrible features, lacking!",negative
"Absolutely perfect, love it! Five stars!",positive
"Unfortunately, Terrible features, lacking!",negative
"Terrible product, avoid at all costs! Will not buy again!",negative
"Fantastic quality, very impressed! Will recommend!",positive
"Complete disappointment, waste!",negative
"Not good, returned immediately!",negative
"Horrible, malfunctioned quickly!",negative
"Top quality product, worth every penny!",positive
Poor! Refund requested!,negative
Poor quality and bad customer service!,negative
Perfect in every way possible! Really happy!,positive
"Disappointing, not worth buying! Very upset!",negative
Wow! Exceptional quality and service!,positive
Sad. Poor quality and bad customer service!,negative
"Terrible durability, broke fast! Not happy!",negative
Excellent quality and finish! Really happy!,positive
"Worst experience, avoid! Zero stars!",negative
Impressive quality and performance! Will recommend!,positive
"Top quality, very reliable! Thumbs up!",positive
"Very good, meets all needs! Absolutely wonderful!",positive
Poor service and worse product! Very upset!,negative
"Terrible features, lacking! Very upset!",negative
Sad. Bad all around!,negative
"Disappointing purchase, regret buying!",negative
Impressive performance overall!,positive
"Perfect condition, works great! Thumbs up!",positive
"Fantastic quality, very impressed!",positive
"Terrible, doesn't work at all! Big mistake!",negative
"Great purchase, very happy! Really happy!",positive
Outstanding quality product! Really happy!,positive
Impressive! Outstanding quality product!,positive
"Unfortunately, Terrible, doesn't match description!",negative
Outstanding service and great product!,positive
"Fantastic, exactly what wanted! Really happy!",positive
"Sadly, Terrible!",negative
"Sadly, Poor standards!",negative
Very dissatisfied customer! Very upset!,negative
"Very poor, not recommended! Not happy!",negative
Wow! Great quality and reasonable price!,positive
Outstanding service and great product!,positive
Wonderful experience from start to finish!,positive
Awful service and product! Very upset!,negative
Poor service and worse product! Very upset!,negative
Outstanding service and great product!,positive
"Impressive! Perfect product, no complaints!",positive
"Wow! Fantastic quality, very impressed!",positive
Impressive! Best purchase I've made this year!,positive
Extremely satisfied with this!,positive
"Poor performance, sluggish!",negative
"Great! Truly amazing, can't fault it!",positive
"Terrible quality, waste of money! Big mistake!",negative
Great quality and reasonable price!,positive
Very poor! Refund requested!,negative
Awful quality materials! Refund requested!,negative
"Top quality product, worth every penny!",positive
"Worst experience, avoid!",negative
Poor standards! Very upset!,negative
Top-notch quality and service! Absolutely wonderful!,positive
Perfect product for my needs!,positive
Extremely disappointed with quality! Refund requested!,negative
"Unfortunately, Awful service and product!",negative
"Terrible investment, big mistake! Zero stars!",negative
"Disappointing, not worth buying!",negative
"Highly satisfied, great product!",positive
This is the best thing I've bought!,positive
Terrible! Refund requested!,negative
Bad buy!,negative
"Very disappointed, not as described! Big mistake!",negative
"Disappointing, not worth buying!",negative
Terrible choice!,negative
"Fantastic, exactly what wanted! Really happy!",positive
Impressive performance overall!,positive
"Unfortunately, Bad purchase, regret it!",negative
Terrible!,negative
Terrible!,negative
"Amazing quality, very durable! Five stars!",positive
Extremely satisfied with this!,positive
"Perfect condition, works great!",positive
"Wow! Great buy, very satisfied!",positive
"Unfortunately, Horrible build quality!",negative
"Very disappointed, not as described! Will not buy again!",negative
"Awesome quality, love it!",positive
"Wow! Great product, fast delivery!",positive
Perfect in every way possible! Perfect choice!,positive
Sad. Complete waste of time and money!,negative
"Unfortunately, Poor functionality, useless!",negative
"Sad. Very unhappy, doesn't work!",negative
"Sadly, Disappointing purchase!",negative
Disappointing results overall! Not happy!,negative
Impressive quality and performance! Will recommend!,positive
Worst quality I've ever seen! Not happy!,negative
"Poor design, impractical!",negative
"Excellent choice, very happy! Will recommend!",positive
"Very good, meets all needs!",positive
"Fantastic quality, very impressed! Will recommend!",positive
Poor quality and bad customer service! Refund requested!,negative
"Excellent quality, exceeded my expectations!",positive
Excellent value and quality!,positive
"Unfortunately, Extremely disappointed with quality!",negative
"Great! Perfect product, no complaints!",positive
"Sadly, Awful!",negative
"Truly amazing, can't fault it! Five stars!",positive
"Amazing features, works well!",positive
Exceptional quality and service!,positive
Outstanding quality product! Will recommend!,positive
Love the quality and design!,positive
Sad. Poor service and worse product!,negative
"Fantastic, worth the price! Five stars!",positive
"Top quality, very reliable!",positive
"Very bad, malfunctions!",negative
Outstanding value for money!,positive
Complete waste of time and money!,negative
Very unsatisfactory!,negative
Wow! Very satisfied with this purchase!,positive
Impressive! Exceeded all my expectations!,positive
Perfect in every way possible!,positive
"Amazing purchase, no issues! Five stars!",positive
"Disappointing, not worth buying!",negative
Bad quality assurance! Zero stars!,negative
"Superior quality, great purchase! Thumbs up!",positive
"Very pleased, works perfectly! Really happy!",positive
"Excellent purchase, no regrets! Absolutely wonderful!",positive
"Terrible, doesn't match description!",negative
Extremely happy with purchase!,positive
"Very good quality, great value! Five stars!",positive
"Sad. Horrible experience, would not recommend!",negative
"Worst purchase ever, completely disappointed! Very upset!",negative
"Impressive! Love this, best decision ever!",positive
Very pleased with this purchase! Perfect choice!,positive
Disappointing purchase! Very upset!,negative
"Unfortunately, Terrible quality, waste of money!",negative
"Sadly, Poor performance, sluggish!",negative
"Unfortunately, Disappointing purchase!",negative
"Not recommended, poor!",negative
"Horrible, defective unit!",negative
Wonderful experience from start to finish! Perfect choice!,positive
"Very bad, malfunctions!",negative
"Outstanding, couldn't be better! Will recommend!",positive
Poor standards!,negative
"Great! Amazing purchase, no issues!",positive
"Very poor quality, not satisfied!",negative
"Horrible, malfunctioned quickly!",negative
Very unhappy with this purchase! Not happy!,negative
Disappointing quality throughout! Refund requested!,negative
"Terrible, doesn't match description! Refund requested!",negative
Great! Exceptional quality and service!,positive
Excellent value and quality!,positive
"Excellent choice, very happy!",positive
Best quality I've seen! Five stars!,positive
"Sadly, Very poor performance!",negative
Poor service and worse product! Very upset!,negative
Awful service and product!,negative
"Very poor quality, not satisfied! Will not buy again!",negative
Excellent value and quality! Absolutely wonderful!,positive
"Sad. Terrible investment, big mistake!",negative
Brilliant quality and design! Thumbs up!,positive
Impressive quality and performance!,positive
"Poor functionality, useless! Not happy!",negative
Very impressed with quality! Thumbs up!,positive
Horrible! Zero stars!,negative
Wow! This is exactly what I needed!,positive
"Sadly, Terrible!",negative
Outstanding quality product! Thumbs up!,positive
Love everything about this! Will recommend!,positive
"Bad investment, not worth!",negative
Very unhappy with this purchase! Not happy!,negative
Awful experience! Very upset!,negative
"Love this, best decision ever! Five stars!",positive
"Fantastic, exactly what wanted! Absolutely wonderful!",positive
"Terrible features, lacking! Not happy!",negative
Horrible!,negative
Bad buy! Will not buy again!,negative
Sad. Terrible!,negative
"Amazing, better than expected!",positive
Amazing experience overall!,positive
"Amazing features, works well!",positive
Worst quality I've ever seen! Zero stars!,negative
Not good at all! Big mistake!,negative
"Sadly, Poor value, overpriced!",negative
Bad all around! Very upset!,negative
"Perfect fit, works perfectly! Perfect choice!",positive
"Love this, best decision ever! Thumbs up!",positive
"Wonderful product, love using it! Perfect choice!",positive
"Outstanding, couldn't be better! Five stars!",positive
Best product in its category! Thumbs up!,positive
Awful quality materials! Not happy!,negative
"Unfortunately, Terrible quality, waste of money!",negative
"Unfortunately, Poor value, overpriced!",negative
"Bad product, many defects! Very upset!",negative
Best purchase I've made this year! Five stars!,positive
"Excellent, meets expectations!",positive
"Worst purchase ever, completely disappointed!",negative
Very pleased with this purchase! Really happy!,positive
Impressive! Exceeded all my expectations!,positive
Not good! Will not buy again!,negative
"Amazing purchase, no issues!",positive
